Component 1,Component 2,labels
56.146423,4.3877974,Poor
38.912373,8.315865,Moderate
50.51187,9.953376,Poor
43.7077,9.247965,Poor
59.236946,4.2745996,Poor
36.00455,8.50996,Moderate
21.745226,-2.7857752,Fair
30.431625,3.4534235,Moderate
24.350555,10.62946,Fair
19.996243,21.984913,Moderate
13.658402,8.598759,Moderate
18.607134,14.108764,Moderate
20.904182,18.076748,Moderate
30.76487,12.876595,Moderate
18.487898,-5.489288,Fair
30.88146,12.737405,Moderate
23.370087,-3.97687,Moderate
37.698284,14.925162,Moderate
2.839774,17.246557,Fair
14.401912,-6.418063,Fair
18.121172,0.34683853,Fair
-3.2392788,1.3564442,Fair
4.642863,18.60157,Fair
51.544544,-3.294014,Poor
26.49985,-8.085186,Moderate
59.744984,8.233333,Poor
42.815777,11.098421,Poor
55.57053,0.030558331,Poor
35.23632,-2.412081,Fair
29.850538,2.9032795,Moderate
14.542971,-7.8358197,Fair
13.004178,-4.5328507,Fair
43.4805,-5.6517563,Moderate
48.985863,-9.666868,Moderate
63.086304,-0.9770445,Poor
53.297268,-2.2848294,Moderate
60.644436,1.5210717,Poor
37.58919,5.413694,Moderate
38.566402,-11.37529,Fair
27.090025,6.1144333,Fair
25.39563,4.548422,Fair
32.315266,16.123209,Fair
64.0426,-0.275143,Poor
51.226185,-8.194948,Moderate
60.627056,1.9104118,Poor
59.093987,-1.1751775,Poor
61.99265,-0.15827005,Poor
39.558968,-11.430051,Moderate
35.784847,9.347565,Moderate
26.302605,-17.522234,Fair
29.82576,16.679703,Moderate
21.795067,15.980524,Moderate
0.55610704,23.264614,Fair
-1.1059518,1.2102164,Fair
-16.568909,-16.065935,Fair
7.3931828,-2.5730488,Fair
1.9067621,-13.195109,Fair
6.8074613,-0.6466834,Fair
-3.7767334,-15.464515,Fair
-3.9637837,-15.935568,Fair
-32.24986,-15.750183,Fair
-31.219568,-14.466336,Fair
-18.96099,0.7847412,Fair
31.54363,10.393248,Moderate
22.483967,11.895446,Moderate
48.040966,13.761206,Poor
16.881365,0.6093751,Fair
44.00409,20.846193,Moderate
12.284661,-8.7051735,Fair
13.742138,2.1626625,Fair
8.439129,3.8266623,Fair
-8.107105,-1.2728477,Fair
-12.317049,22.394009,Fair
52.293556,-7.639493,Poor
52.041656,-4.942192,Moderate
34.37222,-22.06497,Fair
34.237324,-26.465082,Fair
37.782253,-9.261276,Fair
22.272226,-6.658465,Fair
35.646694,5.9804196,Moderate
18.568039,-9.172263,Fair
17.913168,-8.479121,Fair
14.395654,-9.764885,Fair
18.643402,-0.23001121,Fair
4.253837,23.48335,Moderate
4.418799,23.358826,Fair
-18.831018,-4.659085,Fair
-14.161054,-6.072433,Fair
-4.3468137,21.15969,Fair
-4.06512,20.678043,Fair
-1.26794,22.675385,Fair
-13.380536,-5.386377,Fair
-25.416769,-3.376205,Fair
-24.688335,3.1700842,Fair
-25.410017,11.499871,Fair
-25.43595,12.12133,Fair
19.618357,14.849561,Moderate
18.905178,12.773853,Fair
18.880178,16.71038,Fair
-9.337726,19.702818,Fair
1.1804243,23.614182,Moderate
0.52143836,29.254658,Moderate
-0.3998106,28.81258,Moderate
-0.37983012,27.459715,Fair
-12.013348,23.276073,Fair
1.0647141,26.934544,Moderate
-10.049161,23.99548,Fair
-0.37578523,27.682114,Moderate
-11.711215,23.208933,Fair
-29.039167,9.576739,Fair
-30.518614,16.824972,Fair
-30.893625,16.427809,Fair
-31.537004,17.240124,Fair
50.999542,6.7129693,Poor
45.184437,20.292017,Moderate
42.356148,20.780027,Moderate
13.737975,20.795765,Moderate
59.45553,2.7886999,Poor
35.610073,15.263068,Moderate
26.576906,8.68687,Fair
19.79613,15.747113,Moderate
18.204704,20.187084,Fair
18.81536,18.16699,Fair
-59.635956,4.9593487,Fair
-54.430008,-0.88830477,Fair
-54.076355,-0.31278172,Fair
-54.266296,-3.6407938,Fair
-61.39317,9.698477,Fair
-59.310238,5.50921,Fair
-64.93562,8.570059,Fair
-65.05479,8.893062,Fair
-63.08593,5.3940387,Fair
-63.909218,8.61056,Fair
-14.918033,-16.192911,Fair
-18.571192,-19.36167,Fair
27.580997,-24.847107,Fair
2.4102135,-20.74176,Fair
-7.96118,-4.278056,Fair
-17.60035,-17.548094,Fair
-25.290117,-18.713238,Fair
-25.70687,-15.038987,Fair
-32.791946,-18.023766,Fair
-29.657803,1.8410177,Fair
-25.507816,3.1213362,Fair
-19.338848,-22.726171,Fair
-21.312029,-21.539001,Fair
-25.893074,1.3197955,Fair
-26.147682,-17.699951,Fair
-35.430885,0.8826261,Fair
-42.36767,-15.232276,Fair
-51.23519,-8.995353,Fair
-50.59837,-8.668118,Fair
-55.206306,-1.8177654,Fair
12.788421,-5.572715,Fair
21.333508,4.895421,Fair
9.0073,-11.464323,Fair
0.4238627,-14.90206,Fair
6.768762,-1.6690979,Fair
-4.8060346,-11.563901,Fair
38.842255,23.616892,Poor
-16.974073,-23.172272,Fair
-20.519272,-21.334837,Fair
-18.863062,-18.224154,Fair
-16.980112,-23.66441,Fair
-14.617477,-23.229229,Fair
-17.771639,-24.014599,Fair
-22.873154,-20.799826,Fair
-26.333038,-18.230759,Fair
-25.574926,-16.270105,Fair
-20.801592,-14.693317,Fair
41.96982,-16.300497,Fair
25.649801,-18.642876,Fair
31.737942,-21.51406,Fair
24.775394,-22.779408,Fair
24.075245,-21.910257,Fair
27.508707,-22.646074,Fair
10.180221,-25.137514,Fair
11.531486,-27.342644,Fair
9.438654,-26.678644,Fair
-11.384376,-22.84142,Fair
-15.753559,-23.15506,Fair
-11.181384,-24.33725,Fair
-18.235603,-22.6678,Fair
-21.125494,-21.999191,Fair
-19.83322,-20.78604,Fair
-18.998018,-21.171923,Fair
-20.180975,-17.50576,Fair
-13.27318,-22.810486,Fair
-15.259902,-22.378048,Fair
-13.618031,-22.864883,Fair
-18.32475,-21.27463,Fair
-23.016523,-19.996534,Fair
-18.556793,-19.779491,Fair
-17.941484,-18.49509,Fair
-19.58916,-17.255636,Fair
68.198944,-0.4869094,Poor
68.37875,0.12533394,Poor
59.166508,3.0149794,Poor
63.50093,6.298397,Poor
56.865284,11.786965,Poor
63.473614,10.083568,Poor
55.334446,4.5044036,Poor
49.079975,-8.592509,Moderate
40.003613,-9.881407,Moderate
51.8254,-6.669948,Moderate
51.777275,-4.456632,Moderate
50.633076,-7.3756433,Moderate
36.85017,-12.979056,Fair
28.120358,-14.583582,Fair
25.082594,9.377913,Fair
23.73244,7.2440257,Fair
32.115932,15.553835,Moderate
41.19838,-12.43722,Moderate
-6.123206,17.695068,Fair
-6.8143373,18.863981,Fair
-53.9531,-9.284352,Fair
-53.24287,-10.029915,Fair
-52.43737,-10.003288,Fair
-41.259487,-20.141016,Fair
-52.58713,-10.76103,Fair
-52.865993,-9.613459,Fair
34.20603,-21.095913,Fair
5.3683558,-29.071146,Good
25.644163,-6.710276,Moderate
24.750452,-7.773098,Moderate
21.533813,-3.8844428,Fair
8.355055,-10.783016,Fair
7.7365713,-14.24222,Fair
3.4015138,-13.118835,Fair
9.019216,-12.931418,Fair
14.312318,3.0821106,Fair
68.5642,-2.1716323,Poor
68.28164,-1.1662724,Poor
68.42414,-2.9555979,Poor
66.39101,-4.5598407,Moderate
68.890144,-1.1467341,Poor
65.215904,0.639877,Poor
61.51916,-1.6539518,Poor
67.555756,0.33106855,Poor
64.311966,-0.35070804,Poor
65.442955,-1.1950762,Poor
49.599644,-8.363272,Moderate
40.00346,-12.378505,Moderate
40.780052,5.793858,Moderate
38.877636,-12.088247,Fair
43.5732,-8.39866,Moderate
29.847755,18.206497,Moderate
39.085693,-14.3783045,Fair
49.5439,10.171222,Poor
35.150974,10.114541,Moderate
50.186558,9.956086,Poor
33.34725,10.7509775,Moderate
4.50198,21.236027,Fair
12.658018,20.574707,Moderate
27.198523,-18.153713,Fair
29.66201,16.55234,Moderate
70.02887,6.4367533,Poor
50.478115,11.184429,Poor
55.26102,6.9598217,Poor
48.12172,13.299999,Poor
57.287437,11.288545,Poor
49.797962,9.503938,Moderate
31.332556,16.236435,Moderate
15.104945,-2.930675,Fair
34.18585,18.751282,Moderate
13.896111,20.254093,Moderate
33.23331,20.33177,Moderate
11.942597,20.756317,Moderate
-0.16990319,17.517067,Fair
1.2060206,16.839832,Fair
1.8660802,14.985699,Fair
0.021195617,21.686232,Fair
70.00007,2.7948594,Poor
67.8175,3.858735,Poor
61.61835,9.687511,Poor
63.416183,9.981568,Poor
64.32801,3.0112612,Poor
69.58726,4.446769,Poor
68.61172,1.6465558,Poor
56.8084,11.609833,Poor
44.437412,20.723406,Moderate
54.237286,15.310546,Poor
38.302666,3.2403328,Moderate
49.575844,2.872543,Moderate
40.58111,-7.1162834,Moderate
39.39267,10.648195,Moderate
39.331795,19.919184,Moderate
24.92552,15.409331,Moderate
38.058975,19.9834,Moderate
64.44131,3.8894007,Poor
53.158287,-3.6197324,Moderate
62.762386,4.215781,Poor
58.46046,5.551998,Poor
63.105164,5.092767,Poor
48.62162,10.853278,Moderate
44.28698,9.996795,Moderate
38.27693,14.784308,Moderate
33.390675,15.745952,Moderate
34.052345,18.114012,Moderate
59.03893,-0.69155854,Poor
48.042095,-11.234396,Moderate
57.0449,4.2895684,Poor
38.73901,5.172483,Moderate
56.38505,5.034199,Poor
39.63951,9.70146,Moderate
38.71808,9.430861,Moderate
29.91599,5.3300147,Moderate
27.589613,9.919845,Moderate
33.006172,20.184183,Moderate
66.23907,8.724951,Poor
40.175766,7.3375225,Moderate
42.93063,5.023027,Moderate
34.68868,8.2544365,Moderate
54.38951,4.754905,Poor
37.355896,9.119231,Moderate
35.35347,10.753484,Moderate
37.895477,12.629563,Moderate
31.547127,6.413069,Fair
25.424698,3.7216282,Fair
66.57851,2.119619,Poor
69.53774,3.4630363,Poor
60.872944,1.0116841,Poor
59.248775,2.0858715,Poor
65.0885,3.0431297,Poor
58.29533,5.3740115,Poor
67.05083,0.24212055,Poor
55.548744,3.7334485,Poor
56.48306,2.12575,Poor
52.712082,5.9180303,Poor
52.328808,6.230922,Poor
44.107677,12.011354,Moderate
54.0371,14.158291,Poor
48.93527,14.768619,Poor
38.626537,18.226229,Moderate
51.473255,16.322372,Poor
49.13517,17.001707,Poor
52.53139,11.25146,Poor
29.590496,10.950808,Moderate
34.216408,14.1647625,Moderate
28.277905,3.9065657,Fair
20.865849,5.4844284,Fair
19.625156,20.219524,Fair
61.90178,6.3275785,Poor
55.05495,12.870128,Poor
48.461685,-0.009748652,Poor
55.56089,5.566812,Poor
62.52714,3.1832182,Poor
52.821896,11.37029,Poor
32.14561,18.12244,Moderate
28.805292,11.320908,Moderate
50.42426,16.276314,Poor
41.353527,22.58662,Moderate
49.929005,15.886516,Poor
28.465456,11.913022,Moderate
22.343882,13.126458,Moderate
20.389608,19.014425,Moderate
18.598595,21.250967,Fair
20.134907,20.865915,Moderate
54.163395,14.806966,Poor
36.694695,21.162651,Moderate
52.188538,15.537899,Poor
35.9108,20.914236,Moderate
52.941456,16.399876,Poor
51.606087,16.942024,Poor
49.563675,16.959806,Poor
41.127213,21.63506,Moderate
51.54177,17.481802,Poor
40.71341,20.845316,Moderate
52.267277,16.732166,Poor
18.418352,15.775769,Moderate
18.629026,17.6124,Fair
21.353489,17.697235,Moderate
17.921963,13.071368,Fair
22.660494,22.563719,Moderate
3.7911205,22.115755,Fair
32.030285,19.271322,Moderate
1.2009019,21.77463,Fair
-18.590487,-4.8132377,Fair
-16.749794,-17.283491,Fair
-4.508104,17.98684,Fair
-13.337834,-5.917375,Fair
-3.394301,20.39738,Fair
-12.624066,-3.1953278,Fair
-21.027994,-18.4646,Fair
-14.550241,-4.237072,Fair
-13.673293,-3.4129405,Fair
-6.9470572,18.275835,Fair
-64.58164,25.325499,Fair
-62.324623,10.367068,Fair
-65.99018,25.31758,Fair
-63.39662,24.258316,Fair
-65.021866,25.388908,Fair
-63.30448,24.194304,Fair
-67.65613,23.137075,Fair
-69.99434,18.823322,Fair
-69.52183,18.900396,Fair
-67.67193,22.96222,Fair
56.222637,6.4375715,Poor
64.97999,2.2627776,Poor
57.53995,-1.1602575,Poor
54.94095,-0.62032527,Poor
45.89257,-6.9500756,Moderate
61.111584,4.323868,Poor
42.33043,8.001772,Moderate
56.791935,5.7155533,Poor
41.21924,9.266406,Moderate
35.353333,10.75332,Moderate
38.31959,13.837043,Moderate
33.261787,13.420221,Moderate
37.396576,16.021225,Moderate
68.82326,-0.15034738,Poor
66.573814,1.1342393,Poor
69.624664,-1.8950689,Poor
68.54364,0.6977014,Poor
65.20806,0.19848946,Poor
56.925236,-1.5007544,Poor
64.94509,-1.7221116,Poor
66.37921,-4.144502,Poor
65.77753,-1.6320729,Poor
51.36792,-6.7134366,Moderate
44.494217,-18.05633,Fair
50.888397,-11.209536,Moderate
38.724823,-15.895521,Fair
51.97555,-6.064557,Moderate
31.23864,-26.112995,Fair
31.905888,-25.15498,Fair
7.3431983,-11.258058,Fair
6.8664565,-11.417606,Fair
1.1531545,-20.540388,Fair
2.0259314,-17.421057,Fair
11.163097,-13.62477,Fair
16.947096,-10.947853,Fair
27.03071,-25.019506,Fair
48.309185,-10.652061,Moderate
33.325188,-24.643314,Fair
33.848175,-25.14802,Fair
32.42925,-23.948565,Fair
32.490616,-23.328861,Fair
32.064777,-27.503986,Fair
56.169014,-1.9972876,Moderate
9.465858,-13.732728,Fair
-0.35780653,-19.097925,Fair
4.7845087,-30.16072,Fair
4.793634,-27.807255,Fair
4.6028037,-27.924,Fair
-71.73105,15.467108,Fair
-70.39572,18.186031,Fair
-70.05056,17.798807,Fair
-70.896576,17.724512,Fair
48.35302,-26.021273,Fair
49.047607,-26.075134,Fair
48.767086,-26.713633,Fair
48.472225,-26.98977,Fair
48.986065,-26.782005,Fair
49.062515,-27.091497,Fair
48.75234,-27.277227,Fair
35.20617,1.2787386,Fair
36.36044,5.436144,Moderate
20.169037,-10.032076,Fair
12.39167,-13.279827,Fair
22.342308,-4.411057,Fair
24.588411,-7.946293,Moderate
16.342714,-8.521258,Fair
10.927592,-12.334297,Fair
11.081426,-17.398289,Fair
7.9297757,-14.933375,Fair
13.733652,-10.360411,Fair
5.96453,-18.899796,Fair
21.076294,-20.403637,Fair
6.7394204,-21.611246,Fair
15.770084,-7.1245103,Fair
6.0458517,-19.731838,Fair
1.0617388,-25.320187,Fair
31.067352,-17.780268,Fair
27.954754,-20.64552,Fair
11.036644,-27.672907,Fair
8.638353,-27.166079,Fair
31.03494,-23.13461,Fair
34.446865,-25.475975,Fair
33.088314,-18.396025,Fair
30.808083,-23.999329,Fair
30.917183,-27.127922,Fair
31.313164,-28.153372,Fair
30.111143,-25.25831,Fair
31.38705,-27.60481,Fair
29.818428,-25.938381,Fair
30.149746,-27.98993,Fair
29.80586,-28.419493,Fair
9.159481,-27.26406,Fair
9.812842,-27.383505,Fair
6.8773785,-21.783144,Fair
60.655453,4.383596,Poor
40.288082,9.89128,Moderate
53.60972,8.376124,Poor
40.106003,10.647132,Moderate
35.849625,2.7806926,Moderate
31.867037,3.8044224,Moderate
53.53104,11.694523,Poor
38.59192,19.96577,Moderate
37.02634,15.438783,Moderate
33.142365,15.186192,Moderate
24.429438,6.8641725,Fair
21.11626,16.85027,Moderate
17.566998,18.697554,Fair
19.199587,24.02924,Fair
0.88979733,23.833567,Moderate
-1.347514,17.111816,Fair
-2.3714457,17.111933,Fair
-2.0835407,16.350073,Fair
-7.1659946,18.941994,Fair
-8.195871,19.460838,Fair
61.907917,1.5465602,Poor
67.524994,3.3822098,Poor
66.56874,4.7307186,Poor
58.452812,3.227018,Poor
39.665955,-2.7725687,Moderate
66.2617,4.6300173,Poor
54.266495,1.105735,Moderate
58.130104,4.5798974,Poor
52.193314,-1.8291727,Moderate
54.692093,3.1165826,Poor
42.708187,9.51191,Moderate
29.007797,12.01075,Moderate
37.44682,16.568295,Moderate
56.85017,0.13188133,Poor
37.82445,5.9528537,Moderate
31.827183,2.4362192,Fair
40.59406,12.721092,Moderate
18.812405,-6.289342,Fair
15.250834,-9.453616,Fair
3.348827,-20.229504,Fair
2.4383307,-19.091156,Fair
-0.81212413,-18.675222,Fair
3.7635186,-20.275646,Fair
1.6187445,-19.178963,Fair
1.8234333,-20.645065,Fair
-1.0755155,-18.398252,Fair
-1.4598829,-17.996353,Fair
-1.8725705,-17.75102,Fair
-2.7326772,-17.154999,Fair
-5.434656,-14.950415,Fair
39.551117,24.671377,Moderate
40.041843,24.606165,Moderate
41.05071,25.108288,Moderate
11.346361,8.136442,Moderate
4.3355002,-9.424188,Fair
12.154316,8.305708,Moderate
10.930661,8.459251,Moderate
11.697556,8.095739,Moderate
4.7071886,-9.138935,Fair
4.2590456,-9.981385,Fair
3.7033966,-9.639949,Fair
3.0934405,-11.045812,Fair
2.129546,-11.009447,Fair
47.754612,12.775265,Poor
31.315296,9.272934,Moderate
30.569042,9.1108465,Moderate
18.53832,-5.5130677,Fair
30.65804,11.001767,Moderate
30.421793,9.030594,Moderate
23.509203,12.645779,Moderate
18.550667,-3.4663236,Moderate
18.45406,-4.6591344,Fair
17.405426,-3.610724,Fair
7.453576,-16.134808,Fair
2.1747146,4.382013,Fair
53.60777,16.586258,Poor
52.35855,17.333439,Poor
38.522163,20.942036,Moderate
14.302888,8.085482,Moderate
41.02535,22.17476,Moderate
40.129173,24.5355,Poor
42.165684,22.354609,Moderate
12.344194,9.00153,Moderate
13.180112,8.631035,Moderate
6.1911683,1.8888674,Fair
10.962645,5.6514664,Fair
67.28694,8.101023,Poor
65.77082,4.240886,Poor
60.643066,3.9709535,Poor
48.728184,-5.9420447,Moderate
36.264282,-11.083718,Fair
60.69285,3.2385478,Poor
55.495174,0.31537712,Moderate
57.004017,1.4243854,Moderate
34.70785,7.5993023,Moderate
34.85947,1.4460707,Fair
39.720734,13.89057,Moderate
22.456804,-1.1011217,Fair
25.703283,7.909003,Fair
42.088207,12.026445,Moderate
25.800903,10.395501,Moderate
29.611729,5.7351823,Moderate
63.837925,4.237781,Poor
57.732426,6.3287497,Poor
40.995018,9.183478,Moderate
32.580128,5.2356186,Moderate
57.536007,5.8401732,Poor
53.401707,2.2423806,Poor
56.66464,4.822408,Poor
38.337032,11.650795,Moderate
36.366974,6.2884016,Moderate
42.35607,13.006781,Moderate
26.607698,11.006863,Moderate
23.59376,15.946159,Moderate
23.59403,1.77546,Fair
44.78413,3.4247856,Moderate
26.872515,8.130648,Fair
43.49777,4.001006,Moderate
25.7509,5.766405,Fair
6.5093937,18.181189,Fair
17.23846,19.630388,Fair
-5.0960436,4.2784176,Fair
0.844024,14.342267,Fair
64.12876,4.642952,Poor
70.08026,6.536293,Poor
70.13977,6.783018,Poor
59.120354,6.243185,Poor
53.07475,-2.217576,Moderate
65.760826,2.8684797,Poor
66.39212,8.273776,Poor
66.58936,6.349576,Poor
56.65834,3.8215194,Poor
66.102684,8.85325,Poor
42.556957,12.274397,Moderate
32.83603,7.699736,Moderate
36.696415,10.353367,Moderate
0.66333616,9.134094,Fair
-3.2392929,1.3565247,Fair
13.615877,19.900946,Moderate
-3.6647568,17.412132,Fair
-5.2244034,17.46922,Fair
-6.9442887,-5.6513114,Fair
2.4048724,16.8236,Fair
-9.158439,-4.6872053,Fair
-8.778409,-9.508061,Fair
-9.149122,-9.475945,Fair
-21.532324,-14.974797,Fair
-23.264196,1.7043985,Fair
5.6562037,-31.318882,Fair
44.795753,21.389221,Moderate
-33.20924,-17.20675,Fair
-9.310782,-8.453575,Fair
-47.541027,-5.1563644,Fair
-48.78723,-7.3041277,Fair
-47.747475,-6.256178,Fair
-49.965023,-8.247903,Fair
-37.38898,1.6224873,Fair
25.34157,-6.605943,Fair
-16.953947,-16.786013,Fair
-13.9160185,-6.297332,Fair
-18.813238,-15.667866,Fair
-24.99686,-15.100279,Fair
-30.135815,3.0008004,Fair
-30.32557,1.883567,Fair
-23.264196,1.7043985,Fair
-28.43681,9.038061,Fair
47.10984,-20.4998,Fair
46.368015,-19.952202,Fair
46.183422,-20.058332,Fair
46.780556,-19.722902,Fair
40.460423,-19.896076,Fair
49.850468,-9.724654,Moderate
38.339165,-15.422805,Fair
-40.861374,-14.430127,
-41.7666,-14.494169,Fair
-37.809807,-17.725515,Fair
-43.250755,-17.547897,Fair
-43.5427,-18.7177,Fair
-42.44361,-17.79422,Good
-43.004154,-17.343067,Fair
-29.042568,2.7320592,Fair
-24.509203,-13.026773,Fair
-18.434587,4.482113,Fair
-25.001602,5.284456,Fair
-20.781775,5.7063994,Fair
-27.07245,4.50017,Fair
-26.119118,5.149822,Fair
-40.581734,2.329898,Fair
-33.86056,3.0615091,Fair
-33.4557,3.5953174,Fair
-23.519552,8.792005,Fair
-27.452171,-3.2936127,Fair
-25.677925,-4.3031926,Fair
-40.34925,9.780565,Fair
-40.680195,10.054487,Fair
-42.645714,18.32563,Fair
-43.20174,18.256237,Fair
-60.647133,6.893417,Fair
-53.592773,1.3535237,Fair
-52.847134,-5.045815,Fair
-52.3929,6.298137,Fair
-26.368044,-5.6896715,Fair
-26.914259,-5.6864557,Fair
-54.464733,-8.248157,Fair
-28.4465,-3.7831647,Fair
-60.628338,5.5480185,Fair
-27.899445,-4.930137,Fair
-24.833702,-22.176607,Fair
-55.72058,-7.259973,Fair
-53.401814,-8.601611,Fair
-52.201866,-3.1191032,Fair
-41.680687,2.2546005,Fair
27.529589,-18.89952,Fair
8.70288,-14.797083,Fair
22.547766,-18.59387,Fair
23.36344,-20.973793,Fair
23.17739,-23.951246,Fair
1.3781862,-27.053057,Fair
20.361994,-22.25325,Good
9.182239,-24.73546,Fair
1.9196663,-27.618586,Fair
-2.140889,-26.332,Fair
-11.908085,-19.548887,Good
-17.31239,-19.097763,Fair
2.0843694,-26.450066,Fair
3.1337576,-26.075945,Good
63.791615,3.7952647,Fair
40.791332,8.0508375,Poor
53.5925,5.1007557,Moderate
53.172924,5.5940013,Poor
37.76067,6.465016,Poor
22.411655,-6.2790337,Moderate
40.682926,11.095938,Fair
22.78551,-3.8956642,Moderate
41.195026,11.970674,Fair
25.4583,10.956193,Moderate
24.159689,11.749296,Moderate
20.931337,13.588138,Moderate
22.129745,13.828147,Moderate
20.948399,17.201569,Moderate
-27.616293,7.952165,Moderate
-26.684278,8.29024,Fair
-27.027208,10.488099,Fair
-27.543869,9.4095745,Fair
-26.682611,-14.132992,Fair
-33.627308,-17.991314,Fair
-18.90213,0.63267946,Fair
-10.207373,-9.165627,Fair
-11.703997,20.800898,Fair
-30.418112,3.1055734,Fair
-33.754158,0.9134042,Fair
-18.074581,-0.6159391,Fair
-33.74382,3.3149898,Fair
-34.638092,3.35,Fair
40.69,7.050674,Fair
41.972626,-8.188852,Moderate
42.12264,-8.312964,Fair
43.83877,2.8834324,Fair
42.09972,1.9752617,Moderate
26.230515,3.4467494,Moderate
26.368359,1.1404186,Fair
34.328503,15.477104,Fair
25.934896,8.561596,Moderate
45.113483,3.68968,Fair
24.846582,6.221878,Moderate
20.402939,4.3543816,Fair
20.244205,5.09003,Fair
19.266748,3.4189844,Fair
18.3177,4.059983,Fair
30.942034,2.8158038,Fair
29.437866,1.6555046,Moderate
9.8714695,-9.368024,Fair
2.1590595,-4.866917,Fair
12.290816,18.651148,Fair
12.233872,17.301971,Fair
34.01518,21.085909,Moderate
4.5656266,15.121522,Moderate
-1.7016633,15.715752,Fair
3.0791402,10.815355,Fair
-1.846654,8.468177,Fair
0.28211975,13.681646,Fair
32.632774,17.140656,Fair
51.932713,-4.5978036,Moderate
41.14332,10.547681,Moderate
53.45311,13.437703,Moderate
47.71582,16.809298,Moderate
18.426777,14.639391,Moderate
14.566519,6.745122,Moderate
41.378883,20.43075,Fair
15.074778,7.5572543,Moderate
49.91211,17.412207,Fair
17.29931,12.027858,Poor
17.315042,13.236542,Fair
16.139446,13.141755,Fair
9.732445,2.3978107,Moderate
16.16781,10.509039,Fair
48.468433,-9.140328,Fair
47.508743,-9.31821,Moderate
40.15167,-8.1729355,Moderate
54.974834,5.6817603,Moderate
43.263844,5.1100845,Moderate
21.481524,-1.4611577,Moderate
10.670374,-11.687317,Fair
30.148243,4.159191,Fair
29.150494,0.99149555,Moderate
40.681713,12.538193,Fair
28.816795,1.3059942,Moderate
20.055782,-1.2001463,Fair
14.18875,4.2785916,Fair
11.416847,-6.2581162,Fair
20.819551,5.1091714,Fair
7.8248944,4.0920253,Fair
15.071769,12.4607725,Fair
14.765374,10.009955,Fair
16.00267,15.656633,Fair
2.6857092,5.9260945,Moderate
15.264304,10.566536,Fair
14.269031,9.460008,Fair
7.0149984,2.7482667,Fair
8.24332,4.6142874,Fair
52.659306,-13.280906,Fair
49.42626,-12.005886,Fair
48.74887,-11.879768,Moderate
57.913063,2.1817045,Moderate
53.757557,0.9252708,Moderate
30.787855,-16.112787,Moderate
14.590196,-11.6169815,Fair
40.178764,-7.6178126,Fair
30.87203,-16.649488,Moderate
42.16218,4.8180585,Fair
24.561157,0.7354439,Moderate
25.62583,2.4382963,Fair
26.001186,5.345302,Fair
24.816229,1.7320874,Fair
24.326387,3.7374187,Fair
-4.463853,-8.364962,Fair
6.0832925,16.99894,Fair
16.101711,-0.8315917,Fair
19.280054,19.600346,Fair
19.146769,-1.6875556,Moderate
-3.825623,5.275147,Fair
10.340855,-6.4371676,Fair
0.48313522,5.5005593,Fair
0.53528655,6.182617,Fair
40.793148,-23.691858,Fair
40.31589,-21.83401,Fair
32.490707,-23.328918,Fair
39.304314,-13.070824,Fair
31.178947,-17.49318,Fair
-14.724279,-21.798801,Fair
30.151722,-26.91187,Fair
36.2624,-22.083195,Fair
28.40476,-21.492983,Fair
16.067453,-5.1033244,Fair
6.217503,-18.929703,Fair
-4.8695474,-7.378009,Fair
1.1067227,-5.450092,Fair
-0.44106796,-7.4442086,Fair
-6.632289,-7.733138,Fair
20.582237,14.490825,Fair
11.958159,16.9407,Moderate
17.139399,16.243368,Moderate
17.487753,13.401644,Moderate
5.736179,-0.36368987,Fair
2.4311385,-12.392286,Fair
12.29499,5.752188,Fair
2.3831244,-12.140742,Fair
13.215464,7.7478995,Fair
5.736161,1.2954618,Fair
2.6586106,5.7464204,Fair
9.233778,3.2801857,Fair
-6.6297975,-2.703696,Fair
1.1477058,9.73741,Fair
-63.882286,-4.3870687,Fair
-64.76975,-4.7143707,Fair
-46.7473,-19.937305,Fair
-64.18905,-4.5728927,Fair
-46.984154,-19.803686,Fair
-64.68113,-5.693205,Fair
-46.33574,-19.387354,Fair
-64.20452,-5.809512,Fair
-46.1998,-20.02942,Fair
-46.99347,-19.419395,Good
-45.552837,-19.886106,Fair
56.1043,-2.779522,Good
32.350685,6.367871,Poor
22.541784,-2.5181506,Fair
43.526276,4.6603494,Fair
42.787876,4.203924,Moderate
38.157764,-13.791179,Moderate
15.889336,-8.130648,Fair
24.107155,4.858467,Fair
15.394093,0.015711866,Fair
19.625202,20.21948,Fair
11.5859375,0.23152415,Fair
10.773007,-1.2986289,Fair
11.858594,2.1617477,Fair
8.339586,-2.8011715,Fair
-0.4454402,7.4502525,Fair
20.80336,15.669714,Fair
15.4487915,15.475187,Moderate
-32.464443,-16.049492,Moderate
6.497772,-0.06885953,Fair
14.64352,16.433582,Fair
3.3117945,10.089523,Moderate
15.442249,15.759513,Fair
3.19241,8.825086,Moderate
2.8665528,9.163634,Fair
4.45165,1.2512108,Fair
-11.548487,-11.371228,Fair
-7.3286695,-1.2125825,Fair
23.54019,-19.914156,Fair
16.90564,0.652632,Fair
31.598627,4.9243417,Fair
23.554522,-3.2489305,Moderate
8.100326,-15.752213,Fair
4.695978,-27.588263,Fair
8.70681,-18.484396,Fair
-6.5555997,-10.214896,Fair
-0.25474685,0.13460936,Fair
-0.26417473,-6.6491885,Fair
0.19894956,-5.2228184,Fair
-0.29702786,-4.961917,Fair
-5.2369814,-12.312499,Fair
-1.2256203,-5.364202,Fair
27.164333,-6.4742045,Fair
9.511534,-3.9857416,Poor
24.756306,4.9509325,Fair
0.92059374,3.0755818,Fair
14.024193,19.381353,Fair
4.5651617,15.121701,Moderate
5.187423,15.453091,Fair
4.556834,14.554461,Fair
-7.306465,-5.648924,Fair
-1.3247184,7.025256,Fair
32.370083,-16.963583,Fair
32.788696,-20.882198,Fair
28.683922,-18.75756,Fair
38.274437,-10.558512,Fair
21.08436,-1.2385688,Fair
3.4965944,-14.127176,Fair
0.4238627,-14.90206,Fair
15.7701435,-7.1245003,Fair
2.9984248,-12.723739,Fair
0.13961913,2.7079527,Fair
0.48515132,-1.7498037,Fair
7.07975,-17.74124,Fair
-7.0936003,-8.134542,Fair
-6.9458675,-9.535621,Fair
-9.949546,-2.065776,Fair
6.412692,-7.8185773,Fair
9.430871,0.9989009,Fair
27.193113,8.189852,Fair
16.935766,-6.774031,Fair
5.537288,14.3835,Fair
-1.083887,3.4029207,Fair
12.751739,-7.134552,Fair
12.476294,1.0050129,Fair
0.78629464,-1.9593407,Fair
10.862676,1.0559002,Fair
37.817886,-3.1433115,Fair
38.11872,-8.62521,Fair
34.78049,4.1713657,Fair
51.4121,6.2341886,Moderate
45.8065,20.486227,Moderate
25.172554,-6.436275,Moderate
5.464347,16.518969,Fair
36.706764,15.5738535,Fair
19.86833,-0.88844925,Moderate
7.0100784,18.51502,Fair
-0.50131786,0.9161102,Fair
18.207417,4.092077,Fair
11.545346,-0.49051455,Fair
-2.9764538,5.0203905,Fair
10.229071,0.5110123,Fair
16.360523,7.017969,Fair
12.294945,5.7522016,Fair
34.633183,21.243242,Fair
15.3617,18.390165,Moderate
13.030561,19.540842,Moderate
1.0948709,4.103654,Moderate
0.728665,-0.19004953,Fair
2.8761184,5.5417995,Fair
-7.8745003,-1.8005099,Fair
0.31347385,8.075242,Fair
20.904934,-10.703154,Fair
33.314476,9.478155,Fair
35.443924,-12.607644,Fair
14.481214,-1.067957,Fair
12.052272,-5.3318667,Fair
-0.19085549,-0.9953977,Fair
2.0402846,-14.31925,Fair
11.539474,-4.676184,Fair
5.331876,-16.891813,Fair
5.044057,-16.859089,Fair
-6.990161,-10.525806,Fair
-5.727647,-10.149042,Fair
-6.611516,-13.069172,Fair
-7.220503,-15.158523,Fair
-6.445809,-12.619091,Fair
-4.3484693,1.6979927,Fair
-7.823467,-10.075291,Fair
-9.83232,-0.647396,Fair
-17.668999,-16.042763,Fair
-22.585648,-13.359468,Fair
-21.14426,-14.031713,Fair
-22.810099,-14.86443,Fair
-6.417572,-15.130828,Fair
-34.261646,-17.911505,Fair
-6.103861,-13.180072,Fair
-22.267906,-17.715916,Fair
-24.509464,-12.121331,Fair
44.256355,-8.009263,Fair
39.08569,-14.37833,Moderate
33.305767,-22.463926,Fair
36.27027,9.342254,Fair
33.99853,11.707353,Moderate
14.716632,-17.030737,Moderate
5.925341,-16.477451,Fair
6.318164,-16.869791,Fair
-0.02839513,1.4327066,Fair
-6.1772833,-9.427102,Fair
-18.931427,-9.289574,Fair
-20.061665,-11.545539,Fair
-17.815897,-10.7264185,Fair
-5.093412,-10.18581,Fair
-10.692686,-9.207665,Fair
-5.5637527,-7.3635545,Fair
-18.839722,1.6260841,Fair
-11.185585,-12.436386,Fair
-27.29055,1.8247085,Fair
-26.948267,4.7287555,Fair
-35.085358,-11.552084,Fair
-34.18756,-14.081924,Fair
-32.086075,-13.750199,Fair
-18.013702,-0.772438,Fair
30.12825,-25.975685,Fair
-9.591937,-24.84835,Fair
-3.4212506,-16.053759,Fair
-10.003952,-1.4315934,Fair
-17.402885,0.7627992,Fair
-10.258439,-13.162968,Fair
0.6154702,-13.600842,Fair
29.82557,15.02387,Fair
14.948937,-1.7351806,Fair
-3.3119986,19.007923,Fair
15.346977,-4.8010807,Fair
0.032882407,-0.26824835,Fair
-3.9637837,-15.935568,Fair
-34.565235,-18.159678,Fair
-35.780804,-17.168766,Fair
24.445662,-22.355436,Fair
36.615345,-13.746399,Fair
28.797295,-23.26326,Fair
32.7294,-15.744309,Fair
24.443409,-23.851189,Fair
-20.559093,-4.6340456,Fair
40.329353,-19.280914,Fair
29.425177,-23.51648,Fair
22.376219,-20.283249,Fair
7.9064636,-13.218962,Fair
15.159602,1.9784192,Fair
0.14611301,-2.205701,Fair
-44.318844,-0.4164885,Fair
-47.314594,-4.284501,Fair
-42.059357,-13.9116745,Fair
-34.191723,8.078899,Fair
-34.749977,1.0507401,Fair
-53.627083,-0.026985027,Fair
-53.656986,-2.0691452,Fair
-51.17007,-5.5171213,Fair
-42.012318,-13.3344,Fair
-42.087414,-15.697631,Fair
-43.37077,-12.0781,Fair
5.6782537,0.7723032,Fair
5.730846,2.8637028,Fair
4.8894467,10.3715515,Fair
40.508076,22.595167,Fair
24.52268,23.620632,Moderate
15.294292,14.526505,Moderate
1.5658271,9.125362,Moderate
6.754804,3.94837,Fair
5.77781,2.0469184,Fair
6.00225,3.722624,Fair
4.9208446,-8.994092,Fair
-36.343735,-17.01974,Fair
-35.74407,-16.259789,Fair
-36.828575,-18.04808,Fair
-44.224545,-10.352261,Fair
-37.771416,-17.116472,Fair
-39.13553,-17.467596,Fair
-38.806038,-18.531952,Fair
-59.392403,-4.597852,Good
-42.307327,-12.242787,Fair
44.1893,1.2879217,Fair
62.354534,-3.5019643,Moderate
46.556213,-19.133162,Moderate
21.078012,-15.250965,Fair
30.599552,-7.3986387,Fair
17.911142,-18.689587,Fair
22.413136,15.814465,Fair
22.552813,-1.5707815,Moderate
36.177795,20.467379,Fair
48.929543,17.502335,Moderate
1.0072148,29.839708,Poor
1.6855575,26.844273,Moderate
-1.6895223,15.251686,Moderate
14.523582,18.814917,Fair
4.814528,10.22081,Moderate
1.7452295,7.8596444,Fair
56.96764,14.9233055,Fair
53.614834,17.386595,Poor
41.884346,20.082829,Poor
15.538453,10.815533,Moderate
3.9793375,9.610435,Fair
43.607414,22.653576,Fair
24.260035,23.517252,Moderate
1.4224428,30.493595,Moderate
26.52707,4.513448,Poor
37.89131,-13.043891,Fair
36.38799,-9.5857525,Fair
41.571884,1.7175367,Fair
31.770065,-6.7482285,Fair
20.493967,-15.498892,Fair
-4.667081,5.9747515,Fair
32.33092,-5.963205,Fair
26.67128,1.7879184,Fair
20.842842,3.9334717,Fair
9.85078,-7.9613175,Fair
35.59864,-2.6095827,Fair
11.450476,-21.07478,Fair
18.418552,-14.547672,Fair
26.860271,0.5865528,Fair
21.786922,21.335516,Fair
19.581003,21.605644,Moderate
20.716364,20.02886,Fair
20.522488,20.74891,Fair
19.453192,23.862371,Fair
-10.462796,13.391508,Fair
-9.224187,7.948336,Fair
-14.882373,7.3710685,Fair
-0.49192604,20.925411,Fair
-5.2026896,4.8643246,Fair
-25.913118,13.311777,Fair
-14.85479,8.633615,Fair
-23.748463,4.2585526,Fair
-12.82727,-0.52287734,Fair
-38.38701,1.9330175,Fair
-28.031681,10.925058,Fair
66.98922,1.4863294,Fair
55.68987,1.2624229,Poor
33.86769,-18.138771,Poor
36.57577,-2.9317122,Fair
37.242165,-2.324077,Fair
31.428543,-12.821576,Fair
12.835735,-21.70858,Fair
5.7865257,-26.678617,Fair
20.132708,-13.735902,Fair
11.479535,-17.407795,Fair
9.804814,-24.305763,Fair
19.137966,-22.378117,Fair
19.345026,-21.711145,Fair
19.96266,-21.562212,Fair
9.662645,-5.8191166,Fair
34.074387,-1.4583527,Fair
67.695724,4.4992943,Fair
63.28335,5.6169777,Poor
46.518246,-2.1112201,Poor
44.064316,-0.199735,Moderate
45.027027,-0.039496776,Moderate
44.080246,2.2158415,Moderate
42.03016,0.013486303,Moderate
20.622826,-13.985647,Fair
21.076767,-13.642309,Fair
40.076305,0.263612,Fair
23.008434,1.764413,Fair
-32.330303,18.37411,Fair
-45.698658,15.071121,Fair
-46.925953,15.566764,Fair
-53.552017,7.369785,Fair
-45.42413,6.5722513,Fair
-56.583977,19.90669,Fair
-52.132084,7.7175756,Fair
-61.914112,0.2878095,Fair
-57.90537,6.757525,Fair
-59.01927,-3.0998926,Fair
-64.57003,7.267693,Fair
-48.787224,17.36701,Fair
-47.948505,15.668265,Fair
-55.57383,15.625733,Fair
-58.727158,13.087537,Fair
-53.772984,7.7707734,Fair
-44.157864,16.878149,Fair
-49.191498,18.507887,Fair
-48.70325,18.223742,Fair
-52.29063,-1.808008,Fair
-41.91098,4.1411223,Fair
-36.90495,10.851702,Fair
9.259588,-19.742044,Fair
-39.845592,0.4278226,Fair
-43.171,14.199006,Fair
-55.075535,-2.4177384,Fair
-56.555313,7.0024147,Fair
-56.510868,6.350744,Fair
-57.654533,-2.276413,Fair
-48.906815,4.443407,Fair
-45.962112,8.310227,Fair
-54.21945,-7.036616,Fair
-38.82749,12.893862,Fair
-39.716877,10.857178,Fair
-21.166584,5.0507417,Fair
-34.365196,14.938368,Fair
-34.680424,6.1081223,Fair
-17.284346,6.2421646,Fair
-22.69276,-18.316923,Fair
-52.979057,-5.9888835,Fair
-52.027557,-4.945921,Fair
-42.346687,3.6878147,Fair
-52.620457,-7.0226507,Fair
-54.726513,-5.7021294,Fair
-53.623592,-5.744075,Fair
11.672052,-16.525547,Fair
5.1825433,-30.42621,Fair
40.635036,-26.89975,Fair
-23.377287,9.701629,Fair
-16.989368,6.7751956,Fair
-34.3316,3.9815161,Fair
-11.608114,-10.190944,Fair
-16.532026,3.134711,Fair
-1.9833866,-15.611256,Fair
-27.047398,0.93498886,Fair
-8.497475,-13.133487,Fair
-13.785504,0.6975148,Fair
-34.68995,10.793776,Fair
-14.997557,3.0683599,Fair
-18.00148,2.7569463,Fair
-43.992268,-20.097765,Fair
-44.750717,-19.255358,Good
-43.00959,-19.11629,Good
-62.53458,-1.5666496,Good
-66.66628,9.106558,Fair
-69.20585,12.775544,Fair
-69.62564,14.32921,Fair
-69.22228,13.099553,Fair
-70.996925,17.246597,Fair
-65.04726,15.101062,Fair
-65.34878,18.656788,Fair
-67.622215,10.1746855,Fair
-66.58765,7.9288125,Fair
45.028404,-14.267793,
44.290012,-3.1473398,Fair
-38.46817,-17.019983,Fair
-46.27202,-3.3863213,Moderate
-47.645622,-3.3666344,Fair
-58.52295,-3.7839072,Fair
-43.35754,-16.45938,Fair
-58.205738,-2.1331592,Fair
-44.23251,-13.547106,Fair
-57.845997,-3.1125932,Fair
-58.609127,-5.0030956,Fair
-58.462837,-2.5405834,Fair
-43.68248,-13.104979,Fair
-59.392853,-2.5279126,Fair
-58.601933,-3.5686598,Fair
-20.440102,-4.922418,Fair
-9.276305,-25.731676,Fair
-12.235163,-25.340229,Fair
-11.402516,-23.429821,Fair
7.7104583,-26.689205,Fair
-0.24247225,-26.64499,Fair
-0.57656854,-26.849016,Fair
-20.891644,-18.414907,Fair
-25.104267,-4.7723346,Fair
-27.056652,-16.61321,Fair
-24.50819,-18.556633,Fair
-25.762417,-1.9086037,Fair
-64.163605,3.1685483,Fair
-63.368855,6.616112,Fair
-63.396404,7.5472584,Fair
-64.24562,1.2727273,Fair
-62.353207,-2.398652,Fair
-63.046696,1.958506,Fair
-62.13688,-2.994581,Fair
-63.717045,1.79293,Fair
-62.222775,-4.0791626,Fair
-64.166855,0.7998464,Fair
-62.718216,-2.9718263,Fair
-44.713326,-19.563793,Fair
-63.380333,1.044401,Fair
-10.21548,-20.306221,Good
4.957647,19.94847,Fair
23.23635,-18.905184,Fair
5.7086363,-20.624823,Fair
-14.939419,-16.33972,Fair
-3.6372843,0.5471319,Fair
-5.499168,-6.1155357,Fair
-14.806575,-17.769592,Fair
1.5701822,-24.084913,Fair
-5.600365,-16.854559,Fair
-6.102867,-16.340124,Fair
-2.5181682,-16.13151,Fair
-0.5837326,-15.168719,Fair
-60.290314,9.070431,Fair
-58.93813,-0.593353,Fair
-62.318172,17.77793,Fair
-67.06949,21.626945,Fair
-62.80302,18.221973,Fair
-62.93682,17.200165,Fair
-63.432407,21.125593,Fair
-57.35069,-1.1432732,Fair
-60.42585,-4.7588024,Fair
-60.15657,-4.553469,Fair
-60.12313,-3.3499029,Fair
-21.087482,-12.567533,Fair
9.56629,-2.86732,Fair
1.1329216,-5.582917,Fair
5.28402,-21.050182,Fair
-31.331713,10.310459,Fair
-28.671886,10.784082,Fair
-33.402912,2.18828,Fair
-40.58469,2.6226282,Fair
-39.28984,0.5408995,Fair
-37.0664,-12.147569,Fair
-35.15307,-12.424768,Fair
-36.50573,-11.203418,Fair
-35.576668,6.5587344,Fair
49.00802,-11.167588,Fair
48.516197,-12.740991,Fair
34.99971,-23.533403,Moderate
35.68376,-22.549501,Fair
39.937954,-23.303156,Fair
44.11386,-18.54369,Fair
31.57669,-21.534134,Fair
38.247288,-24.675152,Moderate
20.991627,-22.80555,Fair
30.279669,-17.6019,Fair
39.177074,-24.329142,Fair
39.239365,-24.163612,Fair
12.6353445,-21.919918,Fair
9.577161,-24.0892,Fair
10.620888,-20.032938,Fair
5.2188525,-29.19756,Fair
10.400621,-21.511936,Fair
44.708855,-21.720547,Fair
51.8033,-13.617274,Fair
50.445656,-11.993773,Fair
42.771065,-17.741667,Moderate
35.309994,-13.925017,Moderate
49.864555,-10.634699,Fair
42.433125,-18.921711,Fair
40.700718,-18.73172,Moderate
38.877346,-21.819838,Fair
29.533781,-22.752323,Fair
30.056772,-16.867851,Fair
20.240948,-20.255375,Fair
28.480774,-16.180473,Fair
31.56581,-23.476048,Fair
45.745464,-22.403675,Fair
43.416897,-21.121384,Fair
36.199135,-22.235994,Fair
14.418851,-6.6593475,Fair
27.876272,-14.278631,Fair
15.271361,-7.98065,Fair
21.828545,-21.529753,Fair
10.453604,-20.164347,Fair
6.0883408,-22.191088,Fair
-0.6726138,-1.9989059,Fair
5.2537127,-22.386845,Fair
-14.5865965,-2.0677297,Fair
49.46683,-23.559927,Fair
46.016895,-23.107742,Fair
46.89371,-23.154787,Moderate
46.63893,-23.991074,Fair
45.833797,-23.608242,Fair
43.85062,-23.735172,Fair
41.784718,-22.18455,Fair
43.580006,-22.658144,Fair
42.947834,-24.469675,Fair
41.45105,-25.123549,Fair
40.317837,-25.424816,Fair
39.48334,-25.48348,Fair
21.996967,-24.03993,Fair
21.22676,-25.040266,Fair
22.478449,-23.968853,Fair
48.647896,-25.320374,Fair
45.052963,-22.324314,Fair
47.627716,-23.512674,Fair
46.56477,-23.337154,Fair
45.735336,-24.094328,Fair
43.019947,-23.143312,Fair
44.64319,-22.906214,Fair
42.886883,-24.01054,Fair
40.79292,-25.311861,Fair
38.92388,-25.151157,Fair
39.990765,-25.357073,Fair
14.485788,-21.954155,Fair
13.721766,-23.776524,Fair
33.968258,-26.9202,Fair
5.347316,19.84972,Fair
13.769595,-2.0619938,Fair
-4.5260005,2.5106454,Fair
-3.1380002,18.07272,Fair
-5.091998,1.1538535,Fair
-12.504901,-2.4677587,Fair
-10.917117,-3.3270934,Fair
4.9780383,-22.012796,Fair
-1.0220491,6.3085356,Fair
-14.062441,1.3527498,Fair
-16.953281,4.19622,Fair
-10.912475,-23.27673,Fair
-11.137886,-21.119684,Fair
-11.402517,-20.06024,Fair
-11.014853,-20.515844,Fair
-31.183891,13.735456,Fair
-30.42919,6.7397895,Fair
-31.320747,6.862841,Fair
-46.329212,19.655281,Fair
-47.0128,19.832293,Fair
-35.500916,-14.582076,Fair
-45.19271,-3.1648548,Fair
-47.395912,20.070808,Fair
-46.717648,-4.707204,Fair
-56.022354,5.6552024,Fair
-43.46806,-10.788289,Fair
-56.755966,-3.523683,Fair
-43.32887,-13.655765,Fair
-44.068504,-12.660546,Fair
-43.89811,-11.930924,Fair
49.738808,-5.246938,Fair
32.21957,18.241108,Fair
33.302074,18.730904,Moderate
1.2909168,24.949476,Moderate
49.24339,11.116077,Moderate
4.7622557,20.881296,Moderate
-3.1594713,21.056852,Poor
4.24885,20.99304,Fair
-3.2411726,19.927958,Fair
15.2822075,-2.564468,Fair
-4.1768475,1.057952,Fair
15.67167,-4.284043,Fair
-41.131702,-20.478392,Fair
-52.03988,-9.51205,Fair
-42.06582,-18.724237,Fair
-25.046234,-21.638474,Fair
-25.077229,-21.36043,Fair
-24.359907,-7.439662,Fair
-17.237766,-25.512846,Fair
-16.145565,-17.967909,Fair
-17.09326,-18.403221,Fair
-15.598251,-16.48121,Fair
-23.22971,-16.359241,Fair
-51.320644,-6.4822288,Fair
-36.806656,-17.328482,Fair
-23.94914,-18.907436,Fair
-26.802555,-17.270155,Fair
-27.409298,-17.044504,Fair
-24.313156,-17.490248,Fair
9.877268,-3.3598437,Fair
10.340925,-6.4371653,Fair
24.342299,2.9629009,Fair
17.698448,-9.187713,Fair
23.539064,-19.413256,Fair
7.476798,2.7235165,Fair
9.223456,-19.22737,Fair
4.972483,-15.37738,Fair
-13.654542,5.468581,Fair
19.75091,-21.819946,Fair
-11.409939,-2.2049675,Fair
5.5175633,3.2579117,Fair
-25.420492,2.0545733,Fair
-7.400776,-3.3736646,Fair
-10.098667,-9.366635,Fair
-6.9988966,-6.667234,Fair
-21.935064,-14.638298,Fair
-35.15118,-13.865912,Fair
-28.09194,-14.317283,Fair
-31.329863,-13.220576,Fair
-28.754005,-14.424452,Fair
-7.6226044,-14.310439,Fair
-24.14054,-7.0881186,Fair
-28.56348,-4.372232,Fair
-18.702646,-23.982677,Fair
-11.9781885,-24.845621,Fair
-26.454485,3.796817,
-17.310072,-25.355516,Fair
-11.6832695,-24.90706,Fair
14.298279,-24.296896,Fair
-65.70018,0.6443677,Fair
-65.131065,-4.2778983,Fair
-64.13144,-2.4618547,
20.89151,-24.92957,Fair
27.32122,-17.75676,
29.208315,3.7857018,
42.71241,21.769426,
44.50633,20.2112,Fair
19.693521,-17.242743,Fair
-18.070412,9.507708,Fair
-4.6191635,-8.769075,
-23.29967,8.883459,
-24.509464,-12.121331,
-5.8741455,-9.599362,
4.2964096,-26.661509,
17.679426,22.169867,Fair
-10.245915,13.277687,
-11.825985,12.895102,Fair
19.440783,-18.477335,
4.7100606,-25.848953,Moderate
16.593674,-15.514831,Moderate
32.555805,-13.812319,
40.555927,0.4044739,Moderate
9.574837,12.396119,Fair
20.904854,-0.8578403,Fair
9.407129,12.359969,Fair
-7.408896,7.5892096,Fair
-9.41299,10.455819,Fair
17.768038,21.164875,Fair
62.392418,11.834215,Fair
62.266563,11.996339,Fair
45.875805,-1.3462808,Fair
46.67927,-1.5951314,Fair
46.03596,-3.088817,Fair
43.301975,19.526823,Fair
0.77390695,14.8726425,Fair
-4.137706,-11.470939,Fair
9.22882,-7.210697,Fair
14.681062,12.421224,Fair
4.4704723,2.024421,Fair
9.680995,4.729563,Fair
37.66372,-1.8638072,Fair
41.707607,-0.28196254,Fair
33.50634,-6.6749353,Fair
35.06438,-6.268546,Poor
32.609734,-5.782504,Poor
34.463203,-6.5864124,Moderate
42.72331,3.032062,Moderate
50.955967,-25.017933,Moderate
50.870834,-10.078236,Moderate
60.279568,9.559734,Fair
68.65961,-4.1690474,Fair
67.27234,-5.8837595,Fair
69.84775,-2.9934134,Fair
67.555,-5.7762604,Fair
39.11943,-3.4612362,Fair
53.297775,-12.14946,Fair
67.48841,-5.514459,Fair
45.102524,-23.607346,Fair
64.56999,-2.443231,Fair
46.881123,-0.51618344,Fair
43.45553,0.09334209,Fair
-6.257195,13.847243,Moderate
-12.954325,13.037415,Moderate
-12.070285,13.761413,Moderate
-21.952553,14.707496,Poor
-10.018461,11.8823,Poor
17.707195,-19.71023,Moderate
14.692024,-15.85405,Poor
16.14538,-15.007132,Moderate
-23.264359,-2.31873,Moderate
-61.74551,7.557156,Moderate
-48.72002,2.842359,Moderate
-49.179123,6.333066,Fair
-35.199833,-6.9090633,Poor
-32.7615,-6.867069,Poor
27.561867,-18.487974,Fair
-21.32262,14.993039,Fair
-8.340925,10.986329,Fair
-10.068849,8.05657,Fair
-13.39938,5.7413034,Fair
-7.393034,10.867792,Fair
-17.53484,-8.891855,Fair
-13.505365,8.97786,Fair
17.363756,-19.377468,Fair
-13.244851,7.839367,Fair
-12.936952,7.1848655,Fair
-0.95890975,-10.408236,Fair
-12.113042,-9.768025,Fair
66.822205,4.6362753,Fair
46.152733,-0.9258972,Fair
47.4516,-0.5961397,Fair
46.09283,-0.4525757,Fair
46.814987,-0.91200846,Fair
45.360825,-1.6375365,Fair
54.238136,11.745537,Fair
67.227615,-4.413835,Fair
41.903576,-16.878944,Fair
46.744587,-7.0036077,Fair
15.2645235,-16.179031,Fair
3.3700883,-25.401201,Fair
-10.051032,-22.577038,Fair
-21.314205,13.3502865,Fair
-26.878466,-7.990275,Fair
-19.44059,-8.968532,Poor
-16.49668,7.360008,Moderate
2.7732587,-14.557352,Poor
20.26277,-16.875383,Moderate
19.188696,-13.969828,Poor
23.645082,-22.411615,Moderate
-3.522605,22.826374,Poor
-11.242245,13.206699,Poor
-15.937858,-4.658588,Fair
-70.17022,14.902315,Fair
-70.84051,15.477059,Fair
-70.32331,15.859965,Fair
-65.596375,18.429947,Fair
16.951393,-16.741135,Fair
44.975353,-14.406299,Fair
44.72082,-7.4107437,Fair
48.29683,-2.2401745,Fair
40.926224,-20.054974,Fair
-17.069874,-10.930101,Fair
-43.16841,4.400239,Fair
-27.177847,-8.250559,Fair
-19.025356,13.160045,Fair
-11.306022,9.977977,Fair
-11.065819,9.806475,Fair
-28.15725,-13.520534,Fair
-8.42142,-15.046748,Fair
-36.271282,-20.902678,Fair
-10.837214,-13.668871,Fair
-43.87684,-7.164225,Fair
-46.068546,-2.3697526,Fair
-44.03724,-8.652534,Fair
-44.270348,-6.103561,Moderate
-44.376305,-8.005021,Fair
-35.956657,-13.670875,Fair
-36.87057,-15.57085,Fair
-35.575397,-15.579359,Fair
-36.278126,-20.908787,Fair
-11.137478,-13.725821,Fair
-43.125885,-11.1799555,Fair
-48.20298,-2.435676,Fair
-33.190403,2.0450084,Fair
-33.478058,10.56258,Fair
-16.339876,0.79386675,Fair
-22.11075,-3.9963896,Fair
-29.349855,1.3621728,Fair
-27.573343,-2.6773887,Fair
-24.672937,-3.8216345,Fair
-23.231855,-3.1846914,Fair
-23.23211,-3.1845982,Fair
-25.295546,14.37286,Fair
-28.337658,11.294693,Fair
-25.518133,5.489159,Fair
-29.94136,11.010691,Fair
-40.89694,13.128739,Fair
-35.369377,11.057647,Fair
10.155149,-11.913861,Fair
-0.60853165,7.2330346,Fair
-10.3985,19.24091,Fair
-10.829128,16.315641,Fair
-9.590128,19.289793,Fair
0.6931293,1.9352593,Fair
-26.702112,11.130459,Fair
-11.2802925,19.854023,Fair
-24.328484,11.965606,Fair
-29.47132,12.167322,Fair
43.29667,-5.4508715,Fair
-43.381557,17.322628,Fair
-43.23492,16.694813,Fair
-42.135357,13.412161,Fair
-37.903645,2.7771683,Fair
-42.490616,12.456533,Fair
-42.481926,13.670758,Fair
-24.774494,-4.4644156,Fair
-25.27649,4.306001,Fair
-25.495684,-1.4467643,Fair
-22.841932,-3.4296572,Fair
-26.06101,-0.59654915,Fair
-26.557907,-13.45456,Fair
-50.58618,-6.7804313,Fair
-52.858837,1.2855563,Fair
-42.15858,3.2844143,Fair
-15.000139,21.91092,Fair
-16.03029,20.687674,Fair
0.90087086,28.129513,Fair
-15.050714,21.18149,Fair
-16.920702,0.19256304,Fair
-34.33495,9.374622,Fair
-32.535835,13.564541,Fair
-31.619072,17.626278,Fair
-33.396217,12.998294,Fair
-34.499176,6.436196,Fair
-33.88194,6.6664214,Fair
-37.494816,-11.425787,Fair
-43.265114,-8.010525,Fair
-46.549522,-0.14382689,Fair
-47.248493,-0.12906036,Fair
-16.526237,5.5282516,Fair
-10.98333,15.006757,Fair
-15.710953,4.941189,Fair
-24.08788,12.647327,Fair
-25.220957,9.858916,
-20.807487,7.1904936,Fair
-20.474474,4.8248553,Fair
-15.559255,8.299734,Fair
-13.382626,9.500591,Fair
-65.199165,23.053759,Fair
-61.25135,20.05246,Fair
-66.11749,24.313229,Fair
-60.048935,18.293701,Fair
-64.69548,22.697638,Fair
-60.613567,21.928764,Fair
-60.83897,21.534443,Fair
-62.469402,21.856909,Fair
-61.623608,21.901514,Fair
-58.844193,19.596138,Fair
-67.555855,21.241247,Fair
-66.320175,25.45018,Fair
-58.573166,-1.6849306,Fair
-64.45192,2.2986104,Fair
-70.66535,16.709059,Fair
-53.446625,-0.65098965,Fair
-52.86971,-2.7209196,Fair
-24.461952,3.612981,Fair
-25.789545,-4.880727,Fair
-41.608707,10.580315,Fair
-50.0683,-6.0555773,Fair
-51.76538,-5.3722258,Fair
-51.256184,-6.547988,Fair
-53.00588,-4.03105,Fair
-48.29619,-6.4287343,Fair
-65.88833,22.897795,Fair
-60.810272,21.45781,Fair
-63.14989,22.959784,Fair
-61.524826,20.967094,Fair
-65.211044,22.604315,Fair
-60.11404,20.567188,Fair
-59.98314,21.302456,Fair
-61.443882,16.527163,Fair
-57.160984,15.79755,Fair
-61.942406,20.666637,Fair
-44.50585,-3.9521823,Fair
-43.87684,-7.164225,Fair
-45.152363,-3.7155898,Fair
-43.817886,-8.278734,Fair
-46.80566,-0.94806087,Fair
-43.5273,-8.919374,Fair
-44.357315,-5.7753634,Fair
-43.453964,14.525396,Fair
-45.668,-0.16657986,Fair
-48.492153,-0.041485723,Fair
-61.387604,18.95045,Fair
-56.27138,15.608696,Fair
-60.983887,18.33953,Fair
-60.09881,16.36487,Fair
-63.399864,20.011162,Fair
-59.319923,15.830256,Fair
-57.06523,16.410719,Fair
-59.72714,13.998831,Fair
-58.17172,13.933704,Fair
-58.439533,17.399294,Fair
-47.794807,20.189396,Fair
-63.87324,7.871722,Fair
-51.768894,-1.7842786,Fair
-65.52322,8.50099,Fair
-65.95852,10.083683,Fair
3.0431921,11.113403,Fair
27.621931,-25.882221,Fair
-5.6831393,-5.9032664,Fair
-13.646164,-5.176555,Fair
6.616913,-17.347057,Fair
-6.539782,-13.734165,Fair
-25.640316,0.2989588,Fair
-38.964012,13.052731,Fair
-25.266962,6.008631,Fair
-4.155152,21.52958,Fair
31.906021,-7.909374,Fair
-13.153004,13.629593,Fair
-9.145376,-25.840391,Fair
-10.357087,-22.336367,Fair
-15.9052725,-5.7339563,Fair
-20.263836,-4.0687914,Fair
-15.943102,-4.9572215,Fair
-15.183886,-5.1501846,Fair
-16.780924,-3.4392107,Fair
-17.840343,6.044301,Fair
-25.572304,-12.840933,Fair
-24.491575,1.9181718,Fair
-42.50495,1.2322204,Fair
-46.60941,3.8846204,Fair
-61.2647,7.592534,Fair
-61.947063,6.3050437,Fair
-62.32971,9.373664,Fair
-61.090633,8.732496,Fair
-62.41027,8.9194565,Fair
-63.82028,6.9465413,Fair
-62.85228,5.390801,Fair
-67.24521,15.097646,Fair
-58.14334,12.415379,Fair
-58.47508,11.933188,Fair
-57.93592,12.628966,Fair
-49.899445,3.8797607,Fair
-64.02279,14.986606,Fair
-62.217487,18.923813,Fair
-57.108482,20.573929,Fair
-63.942337,14.520462,Fair
-60.949135,14.924348,Fair
-62.71369,16.639067,Fair
-8.839803,10.65217,Fair
-38.363113,14.581819,Fair
-40.318394,13.695662,Fair
-42.40155,5.0566273,Fair
-47.07708,7.1407776,Fair
-47.14911,7.892835,Fair
-47.520428,3.661594,Fair
-55.212692,-6.0133014,Fair
-54.84654,12.92638,Fair
-16.7282,3.1737454,Fair
-22.925383,15.6071,Fair
-19.514519,13.169071,Fair
-34.01998,8.6207905,Fair
-35.94614,13.444475,Fair
-37.3549,15.330895,Fair
-40.078243,13.976284,Fair
-43.807648,11.897724,Fair
-45.032974,14.582053,Fair
-43.05385,12.816354,Fair
-47.37688,4.000548,Fair
-46.303387,7.4768515,Fair
-48.47905,7.3714957,Fair
-62.942654,-5.327408,Fair
-65.43995,7.128223,Fair
-63.956905,23.576572,Fair
-63.956295,16.986982,Fair
-65.330765,22.05248,Fair
-65.10176,16.304165,Fair
-58.528156,16.94109,Fair
-67.93248,17.114895,Fair
-13.021267,21.991465,Fair
-14.608079,21.503662,Fair
-11.256639,22.373507,Fair
-13.826696,22.036762,Fair
-10.073628,24.533394,Fair
-13.849521,21.274696,Fair
-15.422405,2.2233224,Fair
-13.174596,22.443996,Fair
-4.018915,5.6138144,Fair
13.732852,-21.161575,Fair
-19.09501,6.7082424,Fair
1.7645797,-26.222984,Fair
-2.2087276,-26.295517,Fair
-17.558775,-10.172557,Fair
-4.5261035,-12.354074,Fair
-36.2233,-11.603661,Fair
-18.286533,-11.141286,Fair
-45.738514,2.8402026,Fair
-5.9190674,14.088899,Fair
5.151266,23.560778,Fair
-13.106017,12.203807,
-9.539457,8.837148,Moderate
-7.6427665,11.992476,Fair
0.053206347,21.609941,Fair
-10.302475,15.451637,Fair
-2.4503872,21.15534,Fair
-13.530718,13.729604,Fair
-16.821554,-3.268726,Fair
-20.580812,-8.792788,Good
-21.048128,-8.670054,Good
-21.46215,-8.562639,Fair
9.752293,4.8952727,Fair
-30.574524,14.110726,Fair
-17.992514,0.80181783,Fair
50.09255,-26.183113,Fair
-44.200108,18.513962,Fair
-51.78906,6.719082,Fair
-42.43893,9.601231,Fair
-55.8055,13.795579,Fair
-49.123207,17.962633,Fair
-59.919136,18.372305,Fair
-57.11779,17.280977,Fair
-60.19996,18.860884,Fair
-58.161156,15.345286,Fair
-59.503407,13.354675,Fair
62.360943,-3.6194663,Fair
-21.130083,-2.7733612,Fair
4.331876,-26.070385,Fair
-44.69687,13.711212,Fair
-23.549862,13.412715,Fair
-24.171051,13.147431,Fair
-41.098015,10.694094,Fair
-22.387848,13.660769,Fair
-20.602457,7.084494,Fair
-42.340973,14.496309,Fair
-42.584618,16.154367,Fair
-64.37333,21.895157,Fair
-63.014385,19.569008,Fair
-61.813587,19.543835,Fair
-60.918793,15.976933,Fair
-56.792942,19.44719,Fair
-58.556873,21.16488,Fair
-47.134945,15.929173,Moderate
-55.302876,14.508723,Fair
-54.28126,21.156515,Fair
-55.9202,20.920616,Fair
-7.37074,12.171854,Fair
-15.99228,19.22309,Fair
-15.9498825,19.000916,Fair
-67.00148,20.67203,Fair
-66.58121,22.49611,Fair
-66.85487,19.269669,Fair
-64.653244,21.026604,Fair
-66.26503,23.522627,Fair
-23.512291,14.796214,Fair
-22.842762,14.591959,Fair
-16.15429,3.0640526,Fair
-17.875164,8.584712,Fair
-17.293447,-8.351517,Fair
-14.933935,7.482099,Fair
-17.878525,9.090052,Fair
-46.205563,18.149992,Fair
-47.53371,17.124716,Fair
-63.719913,25.817692,Fair
-5.474717,14.4763975,Fair
-25.231209,14.146293,Fair
-36.0213,-7.199679,Fair
-44.8281,6.614873,Fair
-45.838413,5.15173,Fair
-46.18542,5.638253,Fair
-50.81926,7.077888,Fair
-47.361477,4.9888396,Fair
-46.609314,3.8847797,Fair
-46.608894,3.8843265,Fair
-40.880592,-10.873747,Fair
-46.380054,2.6469443,Fair
-44.917767,6.744595,Fair
-40.642834,-16.382025,Fair
-40.79528,-16.339905,Fair
-51.171635,7.812364,Fair
-51.11723,8.326696,Fair
-47.225124,8.484994,Fair
-47.73129,8.229038,Fair
-46.875298,8.96855,Fair
-46.632935,8.660982,Fair
-37.90631,-6.1582026,Fair
-37.498287,-6.431533,Fair
-37.527927,-6.8697944,Fair
-47.835064,-4.280487,Fair
-61.91671,-5.064348,Fair
-62.40264,-5.558187,Fair
-63.412716,-0.67801386,Fair
-63.398438,-3.5391512,Fair
-62.59447,-0.5160004,Fair
-63.541977,-1.9143069,Fair
-60.41858,0.12037729,Fair
-56.302937,13.714,Fair
33.30396,-13.68209,Fair
38.24459,-18.518719,Fair
33.388767,-7.6109114,Fair
33.808434,-12.006823,Fair
33.237164,-12.357342,Fair
35.796787,-9.391102,Fair
33.229992,1.3128376,Fair
32.189327,1.5112636,Fair
9.991015,-7.278638,Fair
15.763284,-13.927803,Fair
16.10537,-15.774787,Fair
-41.012882,17.308607,Fair
-41.02865,16.649366,Fair
-35.08809,16.73638,Fair
-29.866531,8.246595,Fair
-41.474884,17.457956,Fair
-30.784042,8.186362,Fair
-5.5749927,-2.957331,Fair
-34.991184,-13.158873,Fair
-41.270443,-11.260216,Fair
-48.200752,2.5287533,Fair
-41.243908,-9.501784,Fair
-29.598125,17.132622,Fair
-44.43489,12.27634,Fair
-44.81563,12.915019,Fair
-40.815067,12.323849,Fair
-37.388966,1.6224531,Fair
-39.557693,1.3110801,Fair
-34.4097,-15.253482,Fair
-41.27428,-17.227793,Fair
-44.23614,-18.643665,Fair
-46.913578,2.9896972,Fair
-44.26577,6.4547915,Fair
18.332733,-18.951876,Fair
-7.9306116,7.3860984,Fair
-7.0984015,7.7258244,Fair
-8.947413,7.5424285,Fair
-12.290294,7.659505,Fair
-4.92765,6.231411,Fair
-8.752473,6.2425013,Fair
-33.82145,-7.6101894,Fair
-33.109924,-6.2045345,Fair
-32.859646,-6.355308,Fair
-32.908283,-6.2421575,Fair
-34.553642,16.413137,Fair
-34.377422,11.658374,Fair
-15.674053,1.4890802,Fair
-33.362328,-9.041059,Good
-36.064518,8.174546,Fair
-35.33344,7.9984374,Fair
-36.769012,-7.372886,Fair
-23.637589,10.367717,Fair
-33.8308,14.633286,Fair
-33.095974,16.754122,Fair
-30.751278,17.265362,Fair
-31.958586,14.8737335,Fair
-34.006107,14.454477,Fair
-35.587593,13.978332,Fair
-38.841133,8.052469,Fair
-39.248524,6.38247,Fair
-39.023678,6.4399624,Fair
-37.877464,7.1143217,Fair
14.6212435,12.282506,Fair
-68.01178,16.311237,Fair
-68.633675,14.660158,Fair
-66.25981,16.785444,Fair
-68.379684,13.999713,Fair
-67.4833,13.599513,Fair
-68.83231,17.285654,Fair
-66.80115,14.004496,Fair
-68.685745,15.730475,Fair
-69.2362,13.616137,Fair
-68.20409,15.9160595,Fair
-67.13361,13.834146,Fair
